title,description,credits,prerequisites
COMP SCI/L I S  102,"Provides a broad overview of computing at an introductory level, including topics such as security, robotics, and artificial intelligence. Increases understanding of how computers work and how algorithms solve problems. Design and implement creative applications in an introductory coding environment. Provides a broad overview of computing and algorithms without an emphasis on programming.",3,"MATH 96, MATH 141, MATH 118, COMP SCI 300 or COMP SCI 320"
COMP SCI 200,"Learn the process of incrementally developing small (200-500 lines) programs along with the fundamental Computer Science topics. These topics include: problem abstraction and decomposition, the edit-compile-run cycle, using variables of primitive and more complex data types, conditional and loop-based flow control, basic testing and debugging techniques, how to define and call functions (methods), and IO processing techniques. Also teaches and reinforces good programming practices including the use of a consistent style, and meaningful documentation. Intended for students who have no prior programming experience.",3,
COMP SCI 220,Introduction to Data Science programming using Python.  No previous programming experience required.  Emphasis on analyzing real datasets in a variety of forms and visual communication.,4, COMP SCI 301
,"Basic concepts of logic, sets, partial order and other relations, and functions. Basic concepts of mathematics (definitions, proofs, sets, functions, and relations) with a focus on discrete structures: integers, bits, strings, trees, and graphs.  Propositional logic, Boolean algebra, and predicate logic. Mathematical induction and recursion. Invariants and algorithmic correctness. Recurrences and asymptotic growth analysis. Fundamentals of counting.",3,"MATH 217, MATH 221"
COMP SCI/E C E  252,"Logic components built with transistors, rudimentary Boolean algebra, basic combinational logic design, basic synchronous sequential logic design, basic computer organization and design, introductory machine- and assembly-language programming.",3,
COMP SCI 270,"User-centered software design including principles and methods for understanding user needs, designing and prototyping interface solutions, and evaluating their usability covered through lectures and hands-on in-class activities.  Meets with COMP SCI 570.",3,COMP SCI 570
COMP SCI 272,"Introduces methods and tools for creating/maintaining secure and interactive web content. Topics include programming fundamentals to support core web concepts, application development essentials, and content management systems. Web best practices - such as accessibility, design, and critical thinking about relevant ethics and organization. Covers practical skills to design and implement websites using popular scripting languages and frameworks, content management systems (CMSs), and related tools.",3,
COMP SCI 298,Undergraduate directed study in computer sciences.,1,
COMP SCI 300,"Introduction to Object-Oriented Programming using classes and objects to solve more complex problems. Introduces array-based and linked data structures: including lists, stacks, and queues. Programming assignments require writing and developing multi-class (file) programs using interfaces, generics, and exception handling to solve challenging real world problems. Topics reviewed include reading/writing data and objects from/to files and exception handling, and command line arguments. Topics introduced: object-oriented design; class vs. object; create and define interfaces and iterators; searching and sorting; abstract data types (List,Stack,Queue,PriorityQueue(Heap),Binary Search Tree); generic interfaces (parametric polymorphism); how to design and write test methods and classes; array based vs. linked node implementations; introduction to complexity analysis; recursion.",3,"COMP SCI 200, COMP SCI 300, ECE 203, COMP SCI 367"
COMP SCI 304,"Small group meetings for Wisconsin Emerging Scholars - Computer Science (WES-CS) students. Meets in small groups to work together on problems related to the COMP SCI 200 course material. For information about WES-CS membership, contact the computer sciences department.",0,COMP SCI 200
COMP SCI 310,"Gives students an introduction to computer and analytical skills to use in their subsequent course work and professional development. Discusses several methods of using computers to solve problems, including elementary programming techniques, symbolic manipulation languages, and software packages. Techniques will be illustrated using sample problems drawn from elementary engineering. Emphasis is on introduction of algorithms with the use of specific tools to illustrate the methods.",3,MATH 222
COMP SCI 319,"Introduction to Data Science programming using Python. In addition to a survey of programming basics (control flow and data structures), web scraping, database queries, and tabular analysis will be introduced. Projects will emphasize analyzing real datasets in a variety of forms and visual communication using plotting tools. Similar to COMP SCI 220 but the pedagogical style of the projects will be adapted to graduate students in fields other than computer science and data science. No previous programming experience required.",3,
COMP SCI 320,"Intermediate approach to Data Science programming using Python. Experience with basic tabular analysis in Python is assumed. Learn to implement data structures (e.g., graphs) to efficiently represent datasets. Software-engineering tools such as version control and Python virtual environments will be introduced, with an emphasis on reproducibility of analysis. Tracing and A/B testing will be introduced as techniques for generating meaningful datasets. Introduces basic classification, clustering, optimization, and simulation techniques. Plotting and visual communication will be emphasized throughout the course.",4,"COMP SCI 220, COMP SCI 301, COMP SCI 300"
COMP SCI/E C E  352,"Logic components, Boolean algebra, combinational logic analysis and synthesis, synchronous and asynchronous sequential logic analysis and design, digital subsystems, computer organization and design.",3,
COMP SCI/E C E  354,"An introduction to fundamental structures of computer systems and the C programming language with a focus on the low-level interrelationships and impacts on performance. Topics include the virtual address space and virtual memory, the heap and dynamic memory management, the memory hierarchy and caching, assembly language and the stack, communication and interrupts/signals, compiling and assemblers/linkers.",3,COMP SCI 300 or COMP SCI 302
COMP SCI 368,"For students interested in learning a particular programming language. Focuses on a specific language offered at one of three levels: beginner, intermediate, and advanced. Students may repeat the course if the topic title is different.",1,
COMP SCI 400,"The third course in our programming fundamentals sequence. It presumes that students understand and use functional and object-oriented design and abstract data types as needed. This course introduces balanced search trees, graphs, graph traversal algorithms, hash tables and sets, and complexity analysis and about classes of problems that require each data type. Students are required to design and implement using high quality professional code, a medium sized program, that demonstrates knowledge and use of latest language features, tools, and conventions. Additional topics introduced will include as needed for projects: inheritance and polymorphism; anonymous inner classes, lambda functions, performance analysis to discover and optimize critical code blocks. Students learn about industry standards for code development. Students will design and implement a medium size project with a more advanced user-interface design, such as a web or mobile application with a GUI and event- driven implementation; use of version-control software.",3,COMP SCI 300
COMP SCI 402,Work in teams to lead Computer Science clubs and workshops for K-12 students at sites in the Madison area. Design and lead activities to help K-12 students learn computational thinking and computer programming.,2,"COMP SCI 200, COMP SCI 300, COMP SCI 202"
COMP SCI/STAT  403,Enables students with outside internships to earn academic credit connected to their work experience related to the Computer Sciences or Data Science programs.,1,
COMP SCI 407,"Design and implementation of applications, systems, and services for mobile platforms with (i) constraints, such as limited processing, memory, energy, interfaces, variable bandwidth, and high mobility, and (ii) features, such as touchscreens, cameras, electronic compasses, GPS, and accelerometers.",3, COMP SCI 400
COMP SCI 412,"Interpolation, solution of linear and nonlinear systems of equations, approximate integration and differentiation, numerical solution of ordinary differential equations, Data fitting (such as least squares) by polynomials and splines. Knowledge of matrix algebra recommended, such as MATH 340.",3,"MATH 222, MATH 234, COMP SCI 200, COMP SCI 300"
COMP SCI/I SY E/MATH  425,"Focuses on optimization problems over discrete structures, such as shortest paths, spanning trees, flows, matchings, and the traveling salesman problem. We will investigate structural properties of these problems, and we will study both exact methods for their solution, and approximation algorithms.",3,MATH 320 or MATH 375
COMP SCI/E C E/MATH  435,Cryptography is the art and science of transmitting digital information in a secure manner. Provides an introduction to its technical aspects.,3,MATH 320 or MATH 375
COMP SCI/STAT  471,"Classical statistical procedures arise where closed-form mathematical expressions are available for various inference summaries (e.g. linear regression; analysis of variance). A major emphasis of modern statistics is the development of inference principles in cases where both more complex data structures are involved and where more elaborate computations are required. Topics from numerical linear algebra, optimization, Monte Carlo (including Markov chain Monte Carlo), and graph theory are developed, especially as they relate to statistical inference (e.g., bootstrapping, permutation, Bayesian inference, EM algorithm, multivariate analysis).",3,STAT 333 or STAT 340
COMP SCI/L I S  472,"Applied web development introduces methods and tools for creating/maintaining secure and interactive web content. Topics include programming fundamentals to support core web concepts, application development essentials, and content management systems. Web best practices - such as accessibility, design, and critical thinking about relevant ethics and organization - will be incorporated throughout. Gain practical skills to design and implement websites using popular scripting languages and frameworks, content management systems (CMSs), and related tools.",3,COMP SCI 272
COMP SCI/MATH/STAT  475,"Problems of enumeration, distribution, and arrangement. Inclusion-exclusion principle. Generating functions and linear recurrence relations. Combinatorial identities. Graph coloring problems. Finite designs. Systems of distinct representatives and matching problems in graphs. Potential applications in the social, biological, and physical sciences. Puzzles. Problem solving.",3,MATH 320 or MATH 375
COMP SCI/CURRIC  502,Computer science educational pedagogy and general teaching practices. Practical experience gained through tutoring students. Knowledge of object-oriented programming required.,1,"COMP SCI 300, COMP SCI 302"
COMP SCI/E C E  506,"Ideas and techniques for designing, developing, and modifying large software systems. Topics include software engineering processes; requirements and specifications; project team organization and management; software architectures; design patterns; testing and debugging; and cost and quality metrics and estimation. Students will work in large teams on a substantial programming project.",3,"COMP SCI 367 or COMP SCI 400, COMP SCI 407"
COMP SCI/MATH  513,"Direct and iterative solution of linear and nonlinear systems and of eigenproblems. LU and symmetric LU factorization. Complexity, stability, and conditioning. Nonlinear systems. Iterative methods for linear systems. QR-factorization and least squares. Eigenproblems: local and global methods.",3,"MATH 340 or MATH 375, COMP SCI 200, COMP SCI 300"
COMP SCI/MATH  514,"Polynomial forms, divided differences. Polynomial interpolation. Polynomial approximation: uniform approximation and Chebyshev polynomials, least-squares approximation and orthogonal polynomials. Numerical differentiation and integration. Splines, B-splines and spline approximation. Numerical methods for solving initial and boundary value problems for ordinary differential equations.",3,"MATH 320 or MATH 375, MATH 322 or MATH 521, COMP SCI 200 or COMP SCI 301, COMP SCI 300"
COMP SCI/DS/I SY E  518,"Gives students hands-on experience in building wearable computing platforms. Designed for students who have a background in textiles and apparel design, computer science, engineering or media arts. By the completion of the course students will have fundamental knowledge of electronic circuitry, programming, and maker skills.",3,
COMP SCI 520,"Basics about the notion, capabilities, and limitations of computation: elements of finite automata and regular languages, computability theory, and computational complexity theory. Additional topics include context-free grammars and languages, and complexity-theoretic cryptography.",3,COMP SCI 367 or COMP SCI 400
COMP SCI/E C E/I SY E  524,"Introduction to mathematical optimization from a modeling and solution perspective. Formulation of applications as discrete and continuous optimization problems and equilibrium models. Survey and appropriate usage of basic algorithms, data and software tools, including modeling languages and subroutine libraries.",3,"COMP SCI 200, COMP SCI 300, MATH 320 or MATH 375"
COMP SCI/I SY E/MATH/STAT  525,"Introduces optimization problems whose constraints are expressed by linear inequalities. Develops geometric and algebraic insights into the structure of the problem, with an emphasis on formal proofs. Presents the theory behind the simplex method, the main algorithm used to solve linear optimization problems. Explores duality theory and theorems of the alternatives.",3,MATH 320 or MATH 443
COMP SCI/I SY E  526,Review of linear programming. Polynomial time methods for linear programming. Quadratic programs and linear complementarity problems and related solution techniques. Solution sets and their continuity properties. Error bounds for linear inequalities and programs. Parallel algorithms for linear and quadratic programs.,3,"COMP SCI 200, COMP SCI 300"
COMP SCI/E C E/M E  532,"Linear algebraic foundations of machine learning featuring real-world applications of matrix methods from classification and clustering to denoising and data analysis. Mathematical topics include: linear equations, regression, regularization, the singular value decomposition, and iterative algorithms. Machine learning topics include: the lasso, support vector machines, kernel methods, clustering, dictionary learning, neural networks, and deep learning. Previous exposure to numerical computing (e.g. Matlab, Python, Julia, R) required.",3,"MATH 234, or 375, ECE 203, COMP SCI 200, COMP SCI 300"
COMP SCI/E C E  533,"Mathematical representation of continuous and digital images; models of image degradation; picture enhancement, restoration, segmentation, and coding; pattern recognition, tomography.",3,"ECE 330, MATH 320 or MATH 340"
COMP SCI 534,"Study of sensing and computational techniques that enhance or extend the capabilities of digital photography by using methods from computer vision and computer graphics to create new visual representations. Algorithms for analyzing, improving, manipulating, combining, and synthesizing images.",3,"COMP SCI 300 or COMP SCI 367, MATH 217 or MATH 221"
COMP SCI 536,Introduction to the theory and practice of compiler design. Comparison of features of several programming languages and their implications for implementation techniques. Several programming projects required.,3,COMP SCI 367 or COMP SCI 400
COMP SCI 537,"Input-output hardware, interrupt handling, properties of magnetic tapes, discs and drums, associative memories and virtual address translation techniques. Batch processing, time sharing and real-time systems, scheduling resource allocation, modular software systems, performance measurement and system evaluation.",4,COMP SCI 367 or COMP SCI 400
COMP SCI 538,"Design and theory of programming languages: procedural, object-oriented, functional and logic paradigms. Serial and concurrent programming. Execution models and formal specification techniques.",3,COMP SCI 367 or COMP SCI 400
COMP SCI/E C E/M E  539,"Theory and applications of artificial neural networks: multi-layer perceptron, self-organization mapdeep neural network convolutional neural network, recurrent network, support vector machines genetic algorithm, and evolution computing. Applications to control, pattern recognition, prediction, and object detection and tracking.",3,"COMP SCI 200, COMP SCI 300"
COMP SCI 540,"Principles of knowledge-based search techniques, automatic deduction, knowledge representation using predicate logic, machine learning, probabilistic reasoning. Applications in tasks such as problem solving, data mining, game playing, natural language understanding, computer vision, speech recognition, and robotics.",3,"COMP SCI 300 or COMP SCI 367, MATH 211, or 275"
COMP SCI 541,"Theoretical methods for data science. Topics include: review of probability background, concentration inequalities, geometry of high dimensional random variables, parametric and non-parametric estimation, selected topics from optimization (optimality conditions; deterministic and stochastic gradient descent), PAC learning, sample complexity and algorithms for linear classification and regression, and property/distribution testing. Uses Python programming language.",3,"COMP SCI 200, STAT 340, MATH 320 or MATH 375, STAT 311, MATH 331, ECE 210"
COMP SCI 542,"Teaches the security considerations that occur during all steps of the software development life cycle: methodologies for designing secure software, programming using secure programming techniques, in-depth vulnerability assessment methodologies, static and dynamic analysis tools for evaluating software security, and system defenses reducing security threats.",3,COMP SCI 400 or COMP SCI 320
COMP SCI 544,"Deploy and use distributed systems to store and analyze large datasets.  Unstructured and structured approaches to storage will be covered.  Analysis will involve learning new query languages, processing streaming data, and training machine learning models.  Most programming will be done in Python.",3,COMP SCI 320
COMP SCI/E C E  552,"The design of computer systems and components. Processor design, instruction set design, and addressing; control structures and microprogramming; memory management, caches, and memory hierarchies; and interrupts and I/O structures.  E C E 551 or knowledge of Verilog is recommended.",3,
COMP SCI/I SY E/M E  558,"Introduction to fundamental geometric computations and algorithms, and their use for solving engineering and scientific problems. Computer representations of simple geometric objects and paradigms for algorithm design. Applications from areas of engineering analysis, design and manufacturing, biology, statistics, and other sciences.",3,"COMP SCI 367 or COMP SCI 400, MATH 234"
COMP SCI 559,"Survey of computer graphics. Image representation, formation, presentation, composition and manipulation. Modeling, transformation, and display of geometric objects in two and three dimensions. Representation of curves and surfaces. Rendering, animation, multi-media and visualization. Fluency with vector mathematics (e.g., from MATH 234 or a linear algebra class) is recommended.",3,"MATH 222, COMP SCI 367 or COMP SCI 400"
COMP SCI/E C E  561,"Probabilistic tools for machine learning and analysis of real-world datasets. Introductory topics include classification, regression, probability theory, decision theory and quantifying information with entropy, relative entropy and mutual information. Additional topics include naive Bayes, probabilistic graphical models, discriminant analysis, logistic regression, expectation maximization, source coding and variational inference.",3,"MATH 320, ECE 331, STAT 311, MATH 531"
COMP SCI 564,"What a database management system is; different data models currently used to structure the logical view of the database: relational, hierarchical, and network. Hands-on experience with relational and network-based database systems. Implementation techniques for database systems. File organization, query processing, concurrency control, rollback and recovery, integrity and consistency, and view implementation.",4,COMP SCI 367 or COMP SCI 400
COMP SCI 565,"Introduction to topics such as perception, cognition, communication, design, implementation, applications, tools, and evaluation. Provides a broad survey of the field  and covers fundamental concepts, theory, and tools in data visualization with opportunities for hands-on activities. Gain real-world experience in designing and evaluating visualizations.",3, COMP SCI 320
COMP SCI 566,"Topics include image formation, feature detection, motion estimation, image mosaics, 3D shape reconstruction, and object recognition. Applications of these techniques include building 3D maps, creating virtual characters, organizing photo and video databases, human computer interaction, video surveillance, and automatic vehicle navigation. Broad overview of various computer vision and machine learning techniques and sensing and imaging technologies used in computer vision applications. This is a project-based course.",3,"COMP SCI 400, MATH 320 or MATH 375, STAT 302, MATH 331 or MATH 531"
COMP SCI/B M I  567,"Present introductory medical image processing and analysis techniques. Topics include medical imaging formats, segmentation, registration, image quantification, classification.  Strongly encourage Matlab experience, such as COMP SCI 310 or 368-Matlab.",3,"MATH 320 or MATH 340, STAT 511, STAT 324"
COMP SCI 570,"User-centered software design: (1) principles of and methods for understanding user needs; designing and prototyping interface solutions; and evaluating their usability, (2) their applications in designing multiple types of interfaces through group projects.",3,
COMP SCI 571,"Introduces software development of user interfaces (UIs).  Build competence in implementing UIs using state-of-the-art (1) UI paradigms, such as event-driven interfaces, direct-manipulation interfaces, and dialogue-based interaction; (2) methods for capturing, interpreting, and responding to different forms of user input and states, including pointing, text entry, speech, touch, gestures, user activity, context, and physiological states; and (3) platform-specific UI development APIs, frameworks, and toolkits for multiple platforms including web/mobile/desktop interfaces, natural user interfaces, and voice user interfaces. Learn about the fundamental concepts, technologies, algorithms, and methods in building user interfaces, implement UIs using of state-of-the-art UI development tools, and build a UI development portfolio.",3, COMP SCI 400
COMP SCI/B M I  576,"Algorithms for computational problems in molecular biology. Studies algorithms for problems such as: genome sequencing and mapping, pairwise and multiple sequence alignment, modeling sequence classes and features, phylogenetic tree construction, and gene-expression data analysis.",3,"COMP SCI 320 or COMP SCI 400, MATH 222"
COMP SCI 577,"Basic paradigms for the design and analysis of efficient algorithms: greed, divide-and-conquer, dynamic programming, reductions, and the use of randomness. Computational intractability including typical NP-complete problems and ways to deal with them.",4,COMP SCI 367 or COMP SCI 400
COMP SCI 578,"Training in computer programming for competitions: assessing the coding difficulty and complexity of computational problems, recognizing the applicability of known algorithms, fast coding and testing, team work. COMP SCI 577 is suggested but not required.",1,COMP SCI 300 or COMP SCI 367
COMP SCI/DS  579,"Introduces students to the field of virtual reality and focuses on creating immersive, interactive virtual experiences. Survey topics include historical perspectives on virtual reality technology, computer graphics and 3D modeling, human perception and psychology, human computer interaction and user interface design. This course is designed for students with backgrounds in Computer Science, Engineering, Art, Architecture and Design. Students will work in interdisciplinary teams on projects, culminating in a final event that will be showcased to the public. While not an official uisite, the class will be technologically motivated; therefore students should be comfortable learning new software. The class will utilize publicly available game design software which provides tools and services for the creation of interactive content. While not necessary, students may find it helpful to have taken classes in programming and computer graphics (such COMP SCI 559: Computer Graphics) or in 3D modeling (such as ART 429: 3D Digital Studio I or DS 242: Visual Communication II).",3,
COMP SCI/L I S  611,"Introduction to the user experience design including key stages of the design process, design ethics, and the methods and tools involved at each stage of design.  Conduct formative research on clients, users, use contexts and tasks. Gain experience with user research methodologies and learn to create intermediate design tools such as personas. Develop and present a design proposal for a chosen project.",3,
COMP SCI/L I S  612,"Advanced study of UX design. Introduces processes of ideation, key concepts of visual design, conceptual and interaction design, low and high-resolution prototyping of design techniques. Applications include drafting designs based on user models and initial testing of prototypes.",3,
COMP SCI/L I S  613,"Conduct formal evaluations of the user experience (UX) or usability of a digital system. Gain familiarity with the evaluation and research process including key stages, tasks for each stage, common data collection and analysis methods, and common tools employed in the field. Gain experience with a variety of UX evaluation approaches. Collect pilot data and develop a proposal for further UX testing.",3,
COMP SCI/L I S  614,"Applies a design studio critique approach to produce a learning environment of collaborative and interdisciplinary peer critique and learning, in addition to provide expert feedback and suggestions. Present and defend the latest iteration of the user experience design project developed in earlier courses while learning about the professions associated with digital user experience design.",1,
COMP SCI 620,"Build a meaningful product from start to finish with a local, regional, national and international corporate client that solves a real-world problem. In a collaborative space design, develop, test, debug, document, and deliver a software project for a corporate client, learning and using new technologies and agile software development techniques.",3, COMP SCI 400
COMP SCI/I SY E  635,"Formulation and modeling of applications from computer sciences, operations research, business, science and engineering involving optimization and equilibrium models. Survey and appropriate usage of software tools for solving such problems, including modeling language use, automatic differentiation, subroutine libraries and web-based optimization tools and environments.",3,"MATH 320 or MATH 375, COMP SCI 200, COMP SCI 300, COMP SCI 202"
COMP SCI 638,Selected topics in computing. Each offering of the course will cover a topic selected by the instructor and may cover one or more topics from all of computer science.,1,"COMP SCI 200, COMP SCI 300, COMP SCI 202"
COMP SCI 639,Selected topics in computing. Each offering of the course will cover a topic selected by the instructor. Offerings of this course will provide sufficient depth into their subject to count as electives to meet CS Major requirements.,3,
COMP SCI 640,"Architecture of computer networks and network protocols, protocol layering, reliable transmission, congestion control, flow control, naming and addressing, unicast and multicast routing, network security, network performance widely used protocols such as Ethernet, wireless LANs, IP, TCP, and HTTP.",3,COMP SCI 537
COMP SCI 642,"Senior level undergraduate course covering various topics on information security. Covers a wide range of topics, such as cryptographic primitives, security protocols, system security, and emerging topics.  Elementary knowledge of mathematical logic and discrete probability theory needed, such as MATH/COMP COMP SCI  240.",3, COMP SCI 537
COMP SCI 681,Individual study for seniors completing theses for honors in the Computer Sciences major as arranged with a faculty member.,3,
COMP SCI 682,Individual study for seniors completing theses for honors in the Computer Sciences major as arranged with a faculty member. Continuation of COMP SCI 681,3,
COMP SCI 691,Individual study for seniors completing theses as arranged with a faculty member.,2,
COMP SCI 692,"Individual study for seniors completing theses as arranged with a faculty member, continuation of COMP SCI 691",2,
COMP SCI 698,Directed study projects for juniors and seniors as arranged with a faculty member.,1,
COMP SCI 699,Directed study projects for juniors and seniors as arranged with a faculty member.,1,
MATH 96,"Covers the necessary mathematical tools needed to succeed in our algebra course and provides fundamental mathematical skills. Topics include real numbers, linear equations and inequalities, integral and fractional exponents, polynomials and their arithmetic, polynomial equations and equations with fractional exponents, the quadratic formula and completing the square, systems of two linear equations, graphing, and problem solving using algebra and graphs. All students must pass an assessment on basic mathematical skills to complete the course. The course does not count for degree credit.",3,MATH 96
MATH 112,"Properties of elementary functions, such as polynomial, absolute value, radical, rational, exponential, and logarithmic functions. Topics include equations, inequalities, functions, and their graphs. Students will formulate, analyze, solve, and interpret mathematical and real-world problems. Intended to provide the algebra skills required for calculus.",3,"MATH 96, MATH 112, MATH 118"
MATH 113,"Covers the graphs, properties and geometric significance of trigonometric functions of a real variable. Other topics include trigonometric equations and identities, application, trigonometric form of complex numbers, DeMoivre's theorem, and polar and parametric equations. The course also has a significant number of applications, especially related to other disciplines.",3,"MATH 112, MATH 113"
MATH 114,"The two semester sequence MATH 112-MATH 113 covers similar material as MATH 114, but in a slower pace. Not recommended for students with less than an AB in MATH 96.",5,"MATH 96, MATH 114, MATH 118"
MATH 118,A preparation and introductory math course for students enrolled in the Summer Collegiate Experience program. Includes material from precalculus and calculus and related topics depending on students' results on the math placement exam.,2,
MATH 141,"Develops a habit of mind, competency, and comfort in working with numerical data. Learn to reason and solve quantitative problems from a wide array of authentic contexts and everyday life situations, develop the ability to reason mathematically, and make and evaluate logical arguments supported by quantitative evidence. This course is for students who need to satisfy part A of the Quantitative Reasoning requirement and prepare for QR-B courses, but do not want to continue in the calculus sequence.",3,"MATH 96, MATH 141, MATH 118"
MATH 171,"Topics in algebra, trigonometry and precalculus are integrated with elementary differential calculus. Part of a 2-semester sequence with MATH 217; these two courses together are equivalent to MATH 114 and 221.",5,"MATH 96, MATH 171, MATH 118"
MATH 198,Directed study projects as arranged with a faculty member.,1,
MATH 207,Credit is awarded to students who have completed an appropriate math course abroad at the intermediate level having no direct equivalence within the math department offerings. The study abroad course must be pre-approved by the math department.,1,
MATH 211,"Essential concepts of differential and integral calculus; exponential and logarithmic functions; functions of several variables. Primarily for students in prebusiness and some social sciences. Students preparing for advanced study in mathematics, physics, engineering and other sciences (including most biological sciences) should take MATH 221.",4,"MATH 112, MATH 211 or MATH 221"
MATH 213,"First order differential equations, introduction to multivariable calculus and constrained optimization, infinite sequences and series, methods of approximation, and a brief introduction to probability. Models and applications from business and the social sciences.",3,MATH 211 or MATH 221
MATH 217,"Continuation of MATH 171. Topics in algebra, trigonometry and precalculus are integrated with elementary differential calculus. Completion of MATH 217 implies completion of MATH 221 and 114.",5,MATH 171
MATH 221,Introduction to differential and integral calculus and plane analytic geometry; applications; transcendental functions.,5,"MATH 114 or MATH 112 and MATH 113, MATH 221, MATH 211, MATH 213"
MATH 222,"Techniques of integration, improper integrals, first order ordinary differential equations, sequences and series, Taylor series, vector geometry in two and three dimensions.",4,"MATH 217 or MATH 221, MATH 211 or MATH 213"
MATH 228,"Topics in algebra, trigonometry, differential, integral and multi-variable calculus and analytic geometry will be covered depending on which calculus course MATH 228 is attached to. MATH 228 must be taken in conjunction with the appropriate WES section of MATH 171, 217, 221, 222, or 234.",2,
MATH 234,"Introduction to calculus of functions of several variables; calculus on parameterized curves, derivatives of functions of several variables, multiple integrals, vector calculus.",4,MATH 222
MATH/COMP SCI  240,"Basic concepts of logic, sets, partial order and other relations, and functions. Basic concepts of mathematics (definitions, proofs, sets, functions, and relations) with a focus on discrete structures: integers, bits, strings, trees, and graphs.  Propositional logic, Boolean algebra, and predicate logic. Mathematical induction and recursion. Invariants and algorithmic correctness. Recurrences and asymptotic growth analysis. Fundamentals of counting.",3,MATH 217 or MATH 221
MATH 298,Directed study projects as arranged with a faculty member.,1,
MATH/STAT  309,"Probability and combinatorial methods, discrete and continuous, univariate and multivariate distributions, expected values, moments, normal distribution and derived distributions, estimation.",3,"MATH 234, STAT 311"
MATH/STAT  310,"Mathematical statistical inference aims at providing an understanding of likelihood's central role to statistical inference, using the language of mathematical statistics to analyze statistical procedures, and using the computer as a tool for understanding statistics. Specific topics include: samples and populations, estimation, hypothesis testing, and theoretical properties of statistical inference.",3,"STAT 311, MATH 531, STAT 240, STAT 301, STAT 302, STAT 324, STAT 371, ECON 310"
MATH 319,Review of linear differential equations; series solution of linear differential equations; boundary value problems; Laplace transforms; possibly numerical methods and two dimensional autonomous systems.,3,MATH 222
MATH 320,"An introduction to linear algebra and differential equations with emphasis on the relationship between the theory of linear algebra and analytical and numerical techniques for solving differential equations. Linear algebra topics include linear systems, matrices and their algebra, vector spaces and linear transformations, eigenvalues and eigenvectors. Topics from differential equations include first order ODE, homogeneous and nonhomogeneous linear systems, and numerical methods.",3,MATH 222
MATH 321,"Vector analysis: algebra and geometry of vectors, vector differential and integral calculus, theorems of Green, Gauss, and Stokes; complex analysis: analytic functions, complex integrals and residues, Taylor and Laurent series.",3,"MATH 376, MATH 234 and MATH 319, MATH 234 and MATH 320, MATH 234 and MATH 340, MATH 234 and MATH 341, MATH 234 and MATH 375"
MATH 322,"Sturm-Liouville theory; Fourier series, including mean convergence; boundary value problems for linear second order partial differential equations, including separation of variables and eigenfunction expansions.",3,MATH 321 or MATH 376
MATH 331,"Topics covered include axioms of probability, random variables, the most important discrete and continuous probability distributions, expectation and variance, conditional probability and conditional expectations, Markov's and Chebyshev's inequalities, laws of large numbers, and the central limit theorem. Includes a brief introduction to techniques of multivariate integration.",3,MATH 213 or MATH 222
MATH 340,"An introduction to linear algebra. Topics include matrix algebra, linear systems of equations, vector spaces, sub-spaces, linear dependence, span, basis, rank of matrices, determinants, linear transformations, coordinate representations, kernel, range, eigenvalues and eigenvectors, diagonalization, inner products and orthogonal vectors, symmetric matrices. Covers linear algebra topics in greater depth and detail than MATH 320. Formal techniques in mathematical argument [MATH 341] not covered.",3,MATH 222
MATH 341,"The theory of linear algebra with an introduction to proofs and proof writing. Topics include vector spaces, linear dependence, span, basis, linear transformations, kernel, image, inner products and inner product spaces, geometry, eigenvalues, eigenvectors, standard matrix factorizations. Other content includes basic set theory, logical operations, quantifiers, direct and indirect arguments, and induction. Differential equations [MATH 320] not covered.",3,MATH 234
MATH 375,"Vector spaces and linear transformations, differential calculus of scalar and vector fields, determinants, eigenvalues and eigenvectors, multiple integrals, line integrals, and surface integrals. Freshmen students are invited to enroll by the Department of Mathematics.",5,
MATH 376,Topics in multi-variable calculus and introduction to differential equations.,5,MATH 375
MATH 390,"An introduction to mathematical research. Instruction in ancillary skills such as literature review, mathematical software use, technical  writing and communication, etc. Requires acceptance to the Madison Experimental Mathematics undergraduate research lab.",3,
MATH 407,Credit is awarded to students who have completed an appropriate math course abroad at the advanced level having no direct equivalence within the math department offerings. The study abroad course must be pre-approved by the math department.,1,
MATH 421,Covers material in first and second semester calculus but it is intended to teach math majors to write and understand proofs in mathematics in general and in calculus in particular.,3,MATH 234
MATH/COMP SCI/I SY E  425,"Focuses on optimization problems over discrete structures, such as shortest paths, spanning trees, flows, matchings, and the traveling salesman problem. We will investigate structural properties of these problems, and we will study both exact methods for their solution, and approximation algorithms.",3,MATH 320 or MATH 375
MATH/STAT  431,"Topics covered include axioms of probability, random variables, the most important discrete and continuous probability distributions, expectation and variance, moment generating functions, conditional probability and conditional expectations, multivariate distributions, Markov's and Chebyshev's inequalities, laws of large numbers, and the central limit theorem.",3,MATH 234 or MATH 376
MATH/COMP SCI/E C E  435,Cryptography is the art and science of transmitting digital information in a secure manner. Provides an introduction to its technical aspects.,3,"MATH 320, or 375"
MATH 441,"The integers, emphasizing general group and ring properties. Permutation groups, symmetry groups, polynomial rings, leading to notions of abstract groups and rings. Congruences, computations, including finite fields and applications. Emphasis on concepts and concrete examples and computations.",3,MATH 320 or MATH 375
MATH 443,"Review of matrix algebra. Simultaneous linear equations, linear dependence and rank, vector space, eigenvalues and eigenvectors, diagonalization, quadratic forms, inner product spaces, norms, canonical forms. Discussion of numerical aspects and applications in the sciences.",3,MATH 320 or MATH 375
MATH 444,"Mathematical foundations of networks with an emphasis on their applications in modern data science, using tools from algorithmic graph theory and linear algebra. Topics include: basics of graph theory, network statistics, graph traversal algorithms and implementation, matrix methods, community detection, PageRank, simulation of random graph models.",3,"MATH 320 or MATH 375, COMP SCI 200, COMP SCI 300"
MATH 461,An introduction to Euclidean or non-Euclidean geometry.,3,"MATH 234, MATH 222, MATH 375"
MATH 467,"An introduction to proof writing techniques through a study of classical topics in elementary number theory. Topics include the divisibility, basic properties of primes, congruences, Fermat's theorem.",3,"MATH 234, MATH 222, MATH 222 and MATH 320, MATH 222 and MATH 340"
MATH/CURRIC  471,"Capstone for future middle and high school teachers, drawing connections between higher mathematics and school mathematics.",3,"MATH 341 or MATH 421, MATH 461"
MATH/HIST SCI  473,An historical survey of the main lines of mathematical development.,3,
MATH/COMP SCI/STAT  475,"Problems of enumeration, distribution, and arrangement. Inclusion-exclusion principle. Generating functions and linear recurrence relations. Combinatorial identities. Graph coloring problems. Finite designs. Systems of distinct representatives and matching problems in graphs. Potential applications in the social, biological, and physical sciences. Puzzles. Problem solving.",3,MATH 320 or MATH 375
MATH 490,Intermediate or upper level topics course in mathematics. Topics vary.,1,
MATH 491,Intermediate or upper level topics course in mathematics. Topics vary.,3,
MATH/COMP SCI  513,"Direct and iterative solution of linear and nonlinear systems and of eigenproblems. LU and symmetric LU factorization. Complexity, stability, and conditioning. Nonlinear systems. Iterative methods for linear systems. QR-factorization and least squares. Eigenproblems: local and global methods.",3,"MATH 340 or MATH 375, COMP SCI 200, COMP SCI 300"
MATH/COMP SCI  514,"Polynomial forms, divided differences. Polynomial interpolation. Polynomial approximation: uniform approximation and Chebyshev polynomials, least-squares approximation and orthogonal polynomials. Numerical differentiation and integration. Splines, B-splines and spline approximation. Numerical methods for solving initial and boundary value problems for ordinary differential equations.",3,"MATH 320 or MATH 375 or MATH 322 or MATH 521, COMP SCI 200 or COMP SCI 301, COMP SCI 300"
MATH 519,Provides a rigorous introduction to ordinary differential equations and dynamical systems. Intended for math majors and advanced (or graduate) students in other disciplines.,3,"MATH 320 or MATH 375, MATH 322 or MATH 521"
MATH 521,"The real numbers, elements of set theory, metric spaces and basic topology, sequences and series, limits, continuity, differentiation, integration, sequences and series of functions, uniform convergence.",3,"MATH 234 and MATH 467, MATH 322 or MATH 421"
MATH 522,"Special functions, power series, Fourier series, approximation, contraction principle, characterizations of compactness in metric spaces, applications to differential equations. Differential calculus in normed spaces, including implicit and inverse function theorems. Course is essential for graduate work in mathematics.",3,"MATH 521, MATH 320 or MATH 375"
MATH/COMP SCI/I SY E/STAT  525,"Introduces optimization problems whose constraints are expressed by linear inequalities. Develops geometric and algebraic insights into the structure of the problem, with an emphasis on formal proofs. Presents the theory behind the simplex method, the main algorithm used to solve linear optimization problems. Explores duality theory and theorems of the alternatives.",3,MATH 320 or MATH 443
MATH 531,"A rigorous introduction to probability theory at an advanced undergraduate level. Only a minimal amount of measure theory is used, in particular, the theory of Lebesgue integrals is not needed. It is aimed at math majors and Master's degree students, or students in other fields who will need probability in their future careers. Gives an introduction to the basics (Kolmogorov axioms, conditional probability and independence, random variables, expectation) and discusses some classical results with proofs (DeMoivre-Laplace limit theorems, the study of simple random walk on the one dimensional lattice, applications of generating functions).",3,MATH 376 or MATH 521
MATH 535,"A rigorous introduction to mathematical concepts important for modern data science.   Topics include: matrix factorizations,  optimization theory and algorithms, probabilistic models, finite Markov chains.  Mathematical techniques are motivated by and illustrated on a range of applied problems from machine learning and statistics.",3,"MATH 320, MATH 531, STAT 311, ECE 331, MATH 322, COMP SCI 577"
MATH 540,"Review of linear transformations, duality. Diagonalization of linear transformations.The Cayley Hamilton Theorem. Minimal polynomials. The Jordan canonical form. Exponential function. Inner product spaces, orthonormal bases and Gram-Schmidt orthogonalization. Operators on inner product spaces. Self-adjoint, unitary and positive operators. Spectral theorem. singular value decomposition. Bilinear and quadratic forms. Norms, bounded linear operators, matrix norms. Basic multilinear algebra. This is a second course in linear algebra.",3,"MATH 234 or MAT 375, MATH 320 or MATH 375, MATH 341 or MATH 521"
MATH 541,"Groups, normal subgroups, Cayley's theorem, rings, ideals, homomorphisms, polynomial rings, abstract vector spaces.",3,"MATH 234, or 375, MATH 320 or MATH 375, MATH 341 or MATH 521"
MATH 542,"Field extensions, roots of polynomials, splitting fields, simple extensions, linear transformations, matrices, characteristic roots, canonical forms, determinants.",3,MATH 541
MATH 551,"Topological spaces, connectedness, compactness, separation axioms, metric spaces.",3,"MATH 234, or 375, MATH 320, or 375, MATH 341 MATH or 521"
MATH 552,"Introduction to algebraic topology. Emphasis on geometric aspects, including two-dimensional manifolds, the fundamental group, covering spaces, basic simplicial homology theory, the Euler-Poincare formula, and homotopy classes of mappings.",3,MATH 551 and MATH 541
MATH 561,Theory of curves and surfaces by differential methods.,3,"MATH 320, or 375, MATH 322 or MATH 521"
MATH 567,"A course in number theory covering fundamentals and modern applications in topics of recent interest: Modular arithmetic, quadratic reciprocity, arithmetic functions, zeta function, Diophantine equations, transcendental numbers, Roth's theorem, continued fractions, and the circle method. Optional material from probability including random matrix theory.",3,MATH 541
MATH 570,"Introduces the basic concepts of Set Theory including: Set-theoretical paradoxes and means of avoiding them, sets, relations, functions, orders and well-orders, proof by transfinite induction and definitions by transfinite recursion, cardinal and ordinal numbers and their arithmetic, construction of the real numbers, the axiom of choice and its consequences.",3,"MATH 234 and MATH 467, MATH 341 or MATH 521"
MATH/PHILOS  571,Basics of logic and mathematical proofs; propositional logic; first order logic; undecidability.,3,"MATH 234, or 375, MATH 320 or MATH 375, MATH 341 or MATH 521"
MATH 605,"Intended to provide a rigorous foundation for stochastic modeling of biological systems. The mathematical emphasis is in stochastic analysis and simulation. Biological applications include epidemiological phenomena, biochemical reaction networks and population dynamics.",3,"STAT 311, MATH 531, MATH 320 or MATH 531"
MATH 607,Credit is awarded to students who have completed an appropriate math course abroad at the advanced level having no direct equivalence within the math department offerings. The study abroad course must be pre-approved by the math department.,1,
MATH/B M I/BIOCHEM/BMOLCHEM  609,"Provides a rigorous foundation for mathematical modeling of biological systems. Mathematical techniques include dynamical systems and differential equations. Applications to biological pathways, including understanding of bistability within chemical reaction systems, are emphasized.",3,"MATH 415, MATH 320 or MATH 375"
MATH 616,"An introduction to data-driven dynamical systems, including mathematical theory, methodology, numerical algorithms, applications and the use of a programming language to solve related coding problems. Topics include stochastic toolkits for dynamical systems and data science, linear Gaussian processes, nonlinear stochastic systems, elementary stochastic differential equations, data assimilation, parameter estimation, forecasting and prediction.",3,"MATH 320 or MATH 375, STAT 311, MATH 531, MATH 322 or MATH 467"
MATH 619,"A rigorous introduction to the theoretical underpinnings of the basic methods and techniques in the modern theory of PDEs. It is aimed at math majors, but will also be useful to some students in the sciences, engineering and economics who feel the need for a deeper understanding of the theory of PDEs. The emphasis is on the exposure to a number of different methods of solution of PDEs and their connection to physical phenomena modeled by the equations. The goals include both learning to solve some basic types of PDEs as well as to understand the motivation behind and inner workings of the techniques involved.",3,"MATH 322 or MATH 521, MATH 319 or MATH 519"
MATH 621,"Integration in Euclidean spaces, change of variables, multilinear algebra, vector fields and differential forms, manifolds and tangent spaces, integration on manifolds, Stokes theorem. Classical vector analysis. Cauchy integral theorem.",3,"MATH 522, MATH 521 and MATH 561"
MATH 623,Elementary functions of a complex variable; conformal mapping; complex integrals; the calculus of residues.,3,MATH 321 or MATH 521
MATH 627,"Fourier series and integrals, and their applications.",3,MATH 521
MATH 629,"Lebesgue integral and measure, abstract measure and integration, differentiation, spaces of integrable functions.",3,MATH 522
MATH/I SY E/OTM/STAT  632,"Topics include discrete-time Markov chains, Poisson point processes, continuous-time Markov chains, and renewal processes. Applications to queueing, branching, and other models in science, engineering and business.",3,"STAT 311, MATH 531, MATH 320 or MATH 531"
MATH 635,"Presents an introduction to Brownian motion and its application to stochastic calculus. Sample path properties of Brownian motion, Ito stochastic integrals, Ito's formula, stochastic differential equations and properties of their solutions, and various applications will be included.",3,MATH 521
MATH/E C E  641,"Coding theory. Codes (linear, Hamming, Golay, dual); decoding-encoding; Shannon's theorem; sphere-packing; singleton and Gilbert-Varshamov bounds; weight enumerators; MacWilliams identities; finite fields; other codes (Reed-Muller, cyclic, BCH, Reed-Solomon) and error-correction algorithms.",3,MATH 541
MATH 681,Individual study for honors math majors writing a thesis in mathematics.,3,
MATH 682,Individual study for honors math majors writing a thesis in mathematics.,3,
MATH 691,Individual study for students writing a thesis in mathematics.,2,
MATH 692,Individual study for students writing a thesis in mathematics.,2,
MATH 698,Directed study projects as arranged with a faculty member.,1,
MATH 699,Directed study projects as arranged with a faculty member.,1,
MATH 703,"Study of the linear algebraic structure underlying discrete equilibrium problems. Boundary value problems for continous equilibria: Sturm-Liouville equations, Laplace's equation, Poisson's equation, and the equations for Stokes flow. Contour integration and conformal mapping. Applications of dynamics leading to initial value problems for ODEs and PDEs. Green's functions for ODEs and introduction to asymptotic methods for ODEs, e.g. WKB analysis. Separation of variables and eigenfunction expansions for linear PDEs. Examples from physics and engineering throughout. Knowledge of undergraduate linear algebra, analysis and complex analysis is strongly recommended.",3,
MATH 704,"Derivation, nature and solution of canonical partial differential equations of applied mathematics. Conservation laws, advection, diffusion. First order PDEs, characteristics, shocks. Traffic flow, eikonal and Hamilton-Jacobi equations. Higher order PDEs: classification, Fourier analysis, well-posedness. Series solutions and integral transforms. Green's functions and distributions. Similarity solutions. Asymptotics of Fourier integrals. Laplace's method, stationary phase. Ship waves. Perturbation methods. Knowledge of undergraduate linear algebra, analysis and complex analysis is strongly recommended.",3,
MATH 705,"Advanced introduction to fluid dynamics. Basic concepts; elementary viscous flow; Navier-Stokes equations. Elementary airfoil theory; boundary layers. Vortex motion. Waves. Very viscous flow. Compressible flows. Instabilities, bifurcations, turbulence. Requires working knowledge of multivariate calculus, differential equations and mechanics.",3,
MATH/STAT  709,"Introduction to measure theoretic probability; derivation and transformation of probability distributions; generating functions and characteristic functions; conditional expectation, sufficiency, and unbiased estimation; methods of large sample theory including laws of large numbers and central limit theorems; order statistics.",4,
MATH/STAT  710,"Estimation, efficiency, Neyman-Pearson theory of hypothesis testing, confidence regions, decision theory, analysis of variance, and distribution of quadratic forms.",4,
MATH/COMP SCI  714,"Development of finite difference methods for hyperbolic, parabolic and elliptic partial differential equations. Analysis of accuracy and stability of difference schemes. Direct and iterative methods for solving linear systems. Introduction to finite volume methods. Applications from science and engineering. Students are strongly encouraged to have programming skills (e.g. COMP SCI 200) and some undergraduate numerical analysis (e.g. MATH/COMP SCI  514 or COMP SCI 412), analysis and differential equations (e.g. MATH 322 and MATH 521) and linear algebra (e.g. MATH 341).",3,
MATH/COMP SCI  715,"Introduction to spectral methods (Fourier, Chebyshev, Fast Fourier Transform), finite element methods (Galerkin methods, energy estimates and error analysis), and mesh-free methods (Monte-Carlo, smoothed-particle hydrodynamics) for solving partial differential equations. Applications from science and engineering. Applications from science and engineering. Students are strongly encouraged to have programming skills (e.g. COMP SCI 200), undergraduate numerical analysis (e.g. MATH/COMP SCI  514 or COMP SCI 412), analysis (MATH 322 and 521) and linear algebra (e.g. MATH 341 or equiv.)",3,
MATH 716,"Existence, uniqueness, and continuous dependence theorems, linear systems, stability, singular points, and boundary value problems. Qualitative behavior of nonlinear equations, stability, Lyapunov functions, invariant manifolds, bifurcation theory, periodic orbits, and connecting orbits.",3,
MATH 717,"Introduction to computational methods that use stochastic algorithms and/or methods that are applied to random or stochastic mathematical problems. The main emphasis will be placed on learning practical tools, while some aspects of theoretical foundations will also be covered (e.g., basic error analysis for numerical solution of stochastic differential equations (SDEs), and basic convergence of Monte Carlo methods). Topics include Monte Carlo methods, Bayesian inference and Bayesian sampling, simulation of Markov chains, numerical analysis for SDEs, data assimilation / state estimation, stochastic optimization methods and random sketching. Applications to science, engineering, finance, data science, and other practical problems also included.",3,
MATH 718,"Random solvers have been playing increasingly crucial roles in the modern computational tasks. The recent breakthroughs in applied and computational linear algebra that incorporate techniques of randomization have proven to be of great importance in modern applied math, computational sciences and data science, such as inverse problems, machine learning and scientific computing. The guiding principle is that one may greatly reduce computational and storage expenses at the cost of a small probability of failure. Systematic study of these modern methods of randomized linear algebra solvers will be provided, presenting mathematical backgrounds, algorithms, and concrete applications. Core theoretical topics include randomized Kaczmarz and its generalization to stochastic gradient descent, randomized singular value decomposition, random sketching, matrix completion, and compressive sensing, and corresponding applications.",3,
MATH 719,"Classical theory of partial differential equations, together with an introduction to the modern theory based on functional analysis. Familiarity with basic measure theory (e.g. MATH 629 or 721) or concurrent registration in MATH 721 is strongly recommended.",3,
MATH 720,"Linear elliptic, parabolic and hyperbolic equations, continuing with calculus of variations and then nonlinear initial value problems.",3,
MATH 721,"Real analysis concentrating on measures, integration, and differentiation and including an introduction to Hilbert spaces. Knowledge of undergraduate analysis (e.g. the sequence MATH 521 and 522) is strongly recommended.",3,
MATH 722,"The basic theory of functions of one complex variable including Cauchy formula, singularities and residues, meromorphic functions, conformal mappings, harmonic functions, approximation and the nonhomogeneous d-bar equation. Requires knowledge of undergraduate analysis (e.g. the sequence MATH 521 and 522).",3,
MATH 725,"Continuation of MATH 721. An introduction to further topics in real analysis: Banach spaces, Fourier transforms, elements of distribution theory, and applications.",3,
MATH/COMP SCI/I SY E/STAT  726,"Theory and algorithms for nonlinear optimization, focusing on unconstrained optimization. Line-search and trust-region methods; quasi-Newton methods; conjugate-gradient and limited-memory methods for large-scale problems; derivative-free optimization; algorithms for least-squares problems and nonlinear equations; gradient projection algorithms for bound-constrained problems; and simple penalty methods for nonlinearly constrained optimization. Students are strongly encouraged to have knowledge of linear algebra and familiarity with basic mathematical analysis.",3,
MATH/COMP SCI/I SY E  728,"Introduces optimization problems over integers, and surveys the theory behind the algorithms used in state-of-the-art methods for solving such problems. Special attention is given to the polyhedral formulations of these problems, and to their algebraic and geometric properties. Applicability of Integer Optimization is highlighted with applications in combinatorial optimization. Key topics include: formulations, relaxations, polyhedral theory, cutting planes, decomposition, enumeration.  Students are strongly encouraged to have knowledge of Linear Programming  (e.g., MATH/COMP SCI/I SY E/STAT  525), including algorithms, duality and polyhedral theory.",3,
MATH/COMP SCI/I SY E  730,"Theory and algorithms for nonlinearly constrained optimization. Relevant geometric concepts, including tangent and normal cones, theorems of the alternative, and separation results. Constraint qualifications. Geometric and algebraic expression of first-order optimality conditions. Second-order optimality conditions. Duality. Nonlinear  programming algorithms: merit functions and filters; interior-point, augmented Lagrangian, and sequential quadratic programming algorithms.",3,
MATH/STAT  733,"An introduction to measure theoretic probability and stochastic processes.Topics include foundations, independence, zero-one laws, laws of large numbers, convergence in distribution, characteristic functions, central limit theorems, random walks, conditional expectations. Familiarity with basic measure theory (e.g. MATH 629 or 721) or concurrent registration in MATH 721 is strongly recommended.",3,
MATH/STAT  734,"Possible topics include martingales, weak convergence of measures, introduction to Brownian motion.",3,
MATH 735,"Foundations of continuous time stochastic processes, semimartingales and the semimartingale integral, Ito's formula, stochastic differential equations, stochastic equations for Markov processes, application in finance, filtering, and control. The course relies on measure theoretic probability theory that can be reviewed at the beginning of the semester.",3,
MATH 740,"Inclusion-exclusion principle, permutation statistics, sieve methods, unimodal sequences, posets, lattice theory, Mobius functions, generating functions, bases and transition matrices for symmetric functions, Young tableaux, plane partitions, polytopes, poset homology, Stanley-Reisner rings.",3,
MATH 741,"Usually a study of finite groups and noncommutative rings. Group theoretic topics may include: permutation groups, Lagrange's theorem, Cauchy's theorem and the Sylow theorems, solvable and nilpotent groups. Ring theoretic topics may include: Artinian rings and modules, the Wedderburn theorems, the Hopkins-Levitzki theorem, the Jacobson radical and density theorem. The basic prerequisite for all advanced graduate courses in algebra.  Familiarity with topics in undergraduate algebra (e.g. MATH 541 and 542) is strongly recommended.",3,
MATH 742,"Continuation of MATH 741. Usually the study of commutative rings and fields. Ring theoretic topics may include: modules over PIDs, Noetherian rings and the Hilbert basis theorem, the Lasker-Noether theorem, the Krull intersection theorem, integrality and the Hilbert Nullstellensatz. Field theoretic topics may include: algebraic extensions, Galois theory, solvability of polynomials and classical constructability problems.",3,
MATH 746,Will alternate between commutative and noncommutative ring theory. Commutative topics include localization; local rings; dimension theory; Cohen-Macaulay rings. Noncommutative topics include projective modules; injective modules; flat modules; homological and global dimension; Wedderburn and Goldie rings. Basic graduate algebra courses (e.g. MATH 741 and 742) are strongly recommended.,3,
MATH 747,"Lie algebras and matrix groups. Topics: tangent spaces; exponentials; Baker-Campbell-Hausdorff formula; (nilpotent, solvable, semisimple) Lie algebras; Engel's and Lie's theorems; Levi decomposition; Killing form; sl(2)-representations; root systems; Dynkin diagrams; Weyl groups; Cartan and Borel subalgebras; Serre's theorem. Basic graduate algebra courses (e.g. MATH 541 and 542 or MATH 741 and 742) are strongly recommended.",3,
MATH 748,"A rigorous introduction to the arithmetic of number fields; algebraic integers, geometry of numbers, Dirichlet's Unit Theorem, ideal class groups, first case of Fermat's Last Theorem; prime decompositions, Galois automorphisms. Basic graduate algebra courses (e.g. MATH 741 and 742) are strongly recommended.",3,
MATH 749,"An introduction to the Riemann zeta function and Dirichlet L-functions, and their application to topics such as the distribution of prime numbers and the arithmetic of quadratic fields. Familiarity with elementary number theory [such as MATH 567] and complex analysis [such as MATH 623] is strongly recommended.",3,
MATH 750,"Topics include: complexes, cohomology, double complexes, spectral sequences; abelian categories, derived categories, derived functors; Tor and Ext, Koszul complexes; group cohomology; sheaf cohomology, hypercohomology. Basic graduate algebra courses (e.g. MATH 741 and 742) are strongly recommended",3,
MATH 751,"An introduction to algebraic and differential topology. Elements of homotopy theory, fundamental group, covering spaces. Differentiable manifolds, tangent vectors, regular values, transversality, examples of compact Lie groups. Homological algebra, chain complexes, cell complexes, singular and cellular homology, calculations for surfaces, spheres, projective spaces, etc. Familiarity with undergraduate algebra and topology MATH 541 or 551) is strongly recommended.",3,
MATH 752,"Continuation of MATH 751. Cohomology, Universal Coefficient Theorem, Kunneth Formula, cup and cap products, applications to manifolds, orientability, Poincare Duality. Differential forms, integration and Stokes Theorem, De Rham Theorem. Calculations, further duality theorems, Euler class, Lefschetz Fixed-Point Theorem.",3,
MATH 753,"Higher homotopy groups, elements of obstruction theory, fibrations, bundle theory, classifying spaces, applications to smooth mainfolds, differential forms, vector bundles, characteristic classes, cobordism, applications and calculations. Basic graduate topology courses (e.g. MATH 751 and 752) are strongly recommended.",3,
MATH 754,"Continuation of MATH 753. Topics include: spectral sequences and their applications, topology of Lie Groups, H-spaces, Hopf Algebras, homotopy classification of bundles, the Steenrod Algebra and its applications, intorduction to generalized cohomology theories, spectra, elements of K-theory.",3,
MATH 758,"An introduction to ergodic theory and dynamics covering fundamental theorems of ergodic theory, classical examples of one and two dimensional dynamics as well as applications to study of group actions.",3,
MATH 761,"Differentiable manifolds, vector bundles, implicit function theorem, submersions and immersions, vector fields and flows, foliations and Frobenius theorem, differential forms and exterior calculus, integration and Stokes' theorem, De Rham theory, Riemannian metrics. Familiarity with basic undergraduate analysis courses MATH 521 and 522 or MATH 621) is strongly recommended.",3,
MATH 763,"Algebraic preliminaries, including local rings; valuation theory, and power series rings; geometry of algebraic varieties with emphasis on curves and surfaces.",3,
MATH 764,Continuation of MATH 763.,3,
MATH 765,"Covers the metric properties of Riemannian manifolds. The following topics will be covered: Vector bundles and connections, Riemannian metrics, submanifolds and second fundamental form, first variation of arc length, geodesics, Hopf-Rinow theorem, second variation of arc length, Jacobi fields and index lemmas, Bonnet-Meyer theorem, Rauch comparison theorem, spaces of constant curvature, Hodge-de Rham theory. Familiarity with the topics in a differential manifolds course (e.g. MATH 761) is strongly recommended.",3,
MATH 770,"First-order logic syntax and semantics, Completeness and Compactness Theorems, Lowenheim-Skolem Theorem, computable and computably enumerable sets, Incompleteness Theorem, axioms of Zermelo-Fraenkel set theory with choice, ordinal and cardinal arithmetic.",3,
MATH 771,"Martin's Axiom, Suslin and Aronszajn trees, diamond principle, absoluteness and reflection, constructible universe, and one-step forcing constructions. Familiarity with the topics in a basic Foundations course such as MATH 770 is strongly recommended.",3,
MATH 773,"Turing degree and jump, strong reducibilities, arithmetic hierarchy, index sets, simple and (hyper)hypersimple sets, easy forcing arguments in computability theory, finite and infinite injury, Friedberg-Muchnik and Sacks Splitting Theorem, Sacks Jump and Sacks Density Theorems, computable ordinals. Familiarity with the topics in a basic Foundations course such as MATH 770 is strongly recommended.",3,
MATH 776,Review of compactness and some consequences. Quantifier elimination with examples. The omitting types theorem. Categoricity. Baldwin-Lachlan theory. Strongly minimal and o-minimal theories. Saturated models. Morley's theorem. Familiarity with the topics in a basic Foundations course such as MATH 770 is strongly recommended.,3,
MATH/CBE/E C E  777,"Advanced interdisciplinary introduction to qualitative and geometric methods for dissipative nonlinear dynamical systems. Local bifurcations of ordinary differential equations and maps. Chaotic attractors, horseshoes and detection of chaos.",3,
MATH 790,Work on a Master's thesis under the supervision of a faculty member.,1,
MATH 801,"Selected topics in applied mathematics, applied analysis or numerical analysis and scientific computing.",3,
MATH/STAT  803,"Summary of matrix algebra required, theory of estimable functions, incomplete blocks, balanced incomplete block designs, partially balanced incomplete block designs.",3,
MATH 807,"Treats the qualitative behavior of continuous and discrete dynamical systems, including Hamiltonian systems of differential equations. Typical topics include periodic and almost periodic solutions, the fixed point theorem of Poincare and Birkhoff, invariant curves and KAM theory, celestial mechanics, and chaotic behavior.",3,
MATH 821,Topics in partial differential equations and real analysis.,3,
MATH 823,Several complex variables. Basic several complex variables or more special topics.,3,
MATH 825,"Topics will vary and may include spectral theory, nonlinear functional analysis or abstract harmonic analysis.",3,
MATH 826,Topics in functional analysis and differential equations.,3,
MATH 827,Introduction to Fourier analysis in Euclidean spaces and related topics that may include singular and oscillatory integrals and trigonometric series.,3,
MATH 828,Continuation of MATH 827. Advanced topics in harmonic analysis.,3,
MATH/STAT  833,Advanced topics in probability and stochastic processes.,3,
MATH/E C E  842,"Applied topics with emhasis on algebraic constructions and structures. Examples include: algebraic coding theory; codes (algebraic-geometric, convolutional, low-density-parity-check, space-time); curve and lattice based cryptography; watermarking; computer vision (face recognition, multiview geometry).",3,
MATH 843,"Introduction to the representation theory of Lie groups and their combinatorics. Universal enveloping algebras, highest weight modules, induction, restriction, weights, characters, multiplicity formulas, tensor products, Shapovalov forms, filtrations,  Kazhdan-Zetlin patterns, Littelmann paths.",3,
MATH 844,An introduction to arithmetic geometry with emphasis on arithmetic of elliptic curves.,3,
MATH 845,"Introduction to local and global class field theory. Theory of local fields; local and global class field theory; complex multiplication, adeles, ideles, idele class characters, Tchebotarev's Density Theorem, CM elliptic curves, construction of class fields of imaginary quadratic fields.",3,
MATH 846,"Topics in algebraic combinatorics such as (but not limited to) association schemes, hypergeometric series, classical orthogonal polynomials, codes,  lattices, invariant theory, alternating sign matrices and domino tilings, statistical mechanical models, 6j-symbols, buildings and diagram geometries, matroids.",3,
MATH 847,"Topics may include: Lie groups, algebraic groups, Chevalley groups, simple groups and associated geometries, group cohomology, group rings, Hopf algebras, enveloping algebras, quantum groups, infinite-dimensional Lie algebras, Hecke algebras, automorphic forms, Galois representations, zeta and L-functions, abelian varieties.",3,
MATH 848,"This is an advanced graduate topic course in number theory. Topics will vary. Target audience: Advanced graduate students in number theory, representation theory, and algebraic geometry.",3,
MATH 849,Classical and/or modern theory of automorphic forms. Representation theory of GL(2).,3,
MATH 851,Advanced Topics in Geometric Topology.,3,
MATH 853,Topics in Algebraic Topology.,3,
MATH 856,"The theory of differential manifolds such as differential forms and de Rham theorem, cobordism groups, Lie groups, homogeneous spaces, fiber bundles, characteristic classes.",3,
MATH 863,"Geometry of several complex variables; algebraic groups, abelian varieties; topological aspects of algebraic geometry, including sheaf theory and homology theory; advanced theory of local rings; intersection theory of algebraic varieties.",3,
MATH 865,"Selected from advanced projective geometry, non-Euclidean geometry, Riemannian geometry, distance geometry and the geometry of convex surfaces, geometry of numbers.",3,
MATH 867,"Prime number theory, prime number theory for arithmetic progressions, additive number theory, density theorems.",3,
MATH 873,Advanced topics from all areas of mathematical logic.,3,
MATH/E C E/STAT  888,Advanced topics in the mathematical foundations of data science,1,
MATH 900,Focuses on theory and practical skills relevant to teaching mathematics at the graduate or post-secondary level.,1,
MATH 921,Selected topics in Analysis.,1,
MATH 941,Selected topics in Algebra.,1,
MATH 951,Selected topics in Topology.,1,
MATH 967,Selected topics in Number Theory.,1,
MATH 975,Selected topics in Mathematical Logic.,1,
MATH 990,Reading and research in all areas of Mathematics.,1,
STAT 311,"Elements of probability, important discrete distributions, acceptance sampling by attributes, sample characteristics, probability distributions and population characteristics, the normal distribution, acceptance sampling plans based on sample means and variances, sampling from the normal, the central limit theorem, point and interval estimation.",3, MATH234
STAT 324,"Descriptive statistics, probability concepts and distributions, random variables. Hypothesis tests and confidence intervals for one- and two-sample problems. Linear regression, model checking, and inference. Analysis of variance and basic ideas in experimental design. Utilizes the R programming language.",3, MATH 221
STAT 340,"Teaches how to explore, model, and analyze data using R. Topics include basic probability models; the central limit theorem; Monte Carlo simulation; one- and two-sample hypothesis testing; Bayesian inference; linear and logistic regression; ANOVA; the bootstrap; random forests and cross-validation. Features the analysis of real-world data sets and the communication of findings in a clear and reproducible manner within a project setting.",4,STAT 240 and MATH 221
STAT 371,"Introduction to modern statistical practice in the life sciences, using the R programming language. Topics include: exploratory data analysis, probability and random variables; one-sample testing and confidence intervals, role of assumptions, sample size determination, two-sample inference; basic ideas in experimental design, analysis of variance, linear regression, goodness-of fit; biological applications.",3, MATH 221
STAT/MATH 431,"Topics covered include axioms of probability, random variables, the most important discrete and continuous probability distributions, expectation and variance, moment generating functions, conditional probability and conditional expectations, multivariate distributions, Markov's and Chebyshev's inequalities, laws of large numbers, and the central limit theorem.",3,MATH 234 or MATH 376
